match_id,ElapsedTime,SetNo,P1GamesWon,P2GamesWon,SetWinner,GameNo,GameWinner,PointNumber,PointWinner,PointServer,Speed_KMH,P1Score,P2Score,P1Momentum,P2Momentum,P1PointsWon,P2PointsWon,P1Ace,P2Ace,P1Winner,P2Winner,P1DoubleFault,P2DoubleFault,P1UnfErr,P2UnfErr,P1NetPoint,P2NetPoint,P1NetPointWon,P2NetPointWon,P1BreakPoint,P2BreakPoint,P1BreakPointWon,P2BreakPointWon,History,Speed_MPH,P1BreakPointMissed,P2BreakPointMissed,ServeIndicator,ServeNumber,WinnerType,WinnerShotType,P1DistanceRun,P2DistanceRun,RallyCount,ServeWidth,ServeDepth,ReturnDepth,state_diff,last_winner,momentum_shift,unf_err_diff,net_pt_won_diff,double_fault_diff,ace_diff,winner_diff,points_won_diff,good_point,bad_point,contin_point,momentum_shift_pred
2022-wimbledon-1101,0:00:00,1,0,0,0,1,0,1,2,1,193,0,1,1,1,0,1,0,0,0,0,0,0,1,0,0,0,0,0,0,0,0,0,12020,120,0,0,1,1,0,0,18.23,22.456,8,C,NCTL,D,0,0,0,1,0,0,0,0,-1,0,1,0,-0.81446743
2022-wimbledon-1101,0:00:28,1,0,0,0,1,0,2,1,1,191,1,1,5,1,1,1,1,0,1,0,0,0,0,0,0,0,0,0,0,0,0,0,13000,119,0,0,1,1,0,0,0.711,0.466,1,W,CTL,,0,2,1.2,0,0,0,0,1,0,1,0,0,0.49959627
2022-wimbledon-1101,0:00:48,1,0,0,0,1,0,3,1,1,194,2,1,7,1,2,1,0,0,0,0,0,0,0,0,0,0,0,0,0,0,0,0,22030,121,0,0,1,1,0,0,2.383,3.177,1,C,NCTL,ND,0,1,0.26,0,0,0,0,0,1,0,1,1,-0.4628946
2022-wimbledon-1101,0:01:08,1,0,0,0,1,0,4,1,1,170,3,1,8,1,3,1,0,0,0,0,0,0,0,1,0,0,0,0,0,0,0,0,21020,106,0,0,1,2,0,0,14.06,17.05,7,C,NCTL,ND,0,1,0.26,-1,0,0,0,0,2,0,0,1,0.23031479
2022-wimbledon-1101,0:01:45,1,0,0,0,1,0,5,2,1,144,3,2,8,4,3,2,0,0,0,1,0,0,0,0,0,0,0,0,0,0,0,0,21010,90,0,0,1,2,0,F,19.715,32.476,6,W,NCTL,ND,0,1,-0.34,0,0,0,0,-1,1,-1,0,0,-0.33061945
2022-wimbledon-1101,0:02:51,1,0,0,0,1,0,6,2,1,183,3,3,6,5,3,3,0,0,0,0,0,0,1,0,0,0,0,0,0,0,0,0,12020,114,0,0,1,1,0,0,14.148,14.216,6,C,NCTL,D,0,2,0,1,0,0,0,0,0,0,0,-1,-0.02848465
2022-wimbledon-1101,0:03:18,1,0,0,0,1,0,7,1,1,193,4,3,10,5,4,3,1,0,1,0,0,0,0,0,0,0,0,0,0,0,0,0,13000,120,0,0,1,1,0,0,0.777,0.463,1,C,CTL,,0,2,1.46,0,0,0,0,1,1,1,0,0,0.628131
2022-wimbledon-1101,0:03:37,1,1,0,0,1,1,8,1,1,180,0,0,16,5,5,3,1,0,1,0,0,0,0,0,0,0,0,0,0,0,0,0,13002,112,0,0,2,1,0,0,0.761,0.52,1,C,CTL,,0,1,1.2,0,0,0,0,1,0,1,0,1,0.55302995
2022-wimbledon-1101,0:04:28,1,1,0,0,2,0,9,2,2,0,0,1,16,9,5,4,0,1,0,1,0,0,0,0,0,0,0,0,0,0,0,0,23000,0,0,0,2,2,0,0,3.494,2.378,1,C,NCTL,,2,0,0.6,0,0,0,0,-1,-1,-1,0,0,0.43640438
2022-wimbledon-1101,0:05:01,1,1,0,0,2,0,10,1,2,0,1,1,17,5,6,4,0,0,0,0,0,1,0,1,0,0,0,0,0,0,0,0,25000,0,0,0,2,0,0,0,0,0,0,,,,2,2,1.45,-1,0,-1,0,0,0,0,-1,0,1.267302
2022-wimbledon-1101,0:05:34,1,1,0,0,2,0,11,1,2,143,2,1,18,3,7,4,0,0,0,0,0,0,0,1,0,0,0,0,0,0,0,0,21020,89,0,0,2,2,0,0,26.118,20.318,8,BC,NCTL,ND,2,1,0.86,-1,0,0,0,0,1,0,0,1,0.8788448
2022-wimbledon-1101,0:06:21,1,1,0,0,2,0,12,2,2,185,2,2,16,4,7,5,0,0,0,0,0,0,1,0,0,0,0,0,0,0,0,0,12020,115,0,0,2,1,0,0,47.315,40.12,15,C,NCTL,ND,2,1,0.6,1,0,0,0,0,0,0,0,0,0.62154746
2022-wimbledon-1101,0:07:04,1,1,0,0,2,0,13,2,2,197,2,3,15,6,7,6,0,0,0,0,0,0,0,0,0,0,0,0,0,0,0,0,12030,123,0,0,2,1,0,0,3.054,2.493,1,C,NCTL,ND,2,2,0.34,0,0,0,0,0,-1,0,-1,-1,1.1963015
2022-wimbledon-1101,0:07:25,1,1,0,0,2,0,14,1,2,138,3,3,16,4,8,6,0,0,0,0,0,0,0,1,0,0,0,0,0,0,0,0,22020,86,0,0,2,2,0,0,8.382,6.404,4,BW,NCTL,ND,2,2,0.6,-1,0,0,0,0,0,0,0,0,0.62154746
2022-wimbledon-1101,0:08:03,1,1,0,0,2,0,15,2,2,194,3,4,15,6,8,7,0,0,0,0,0,0,0,0,0,0,0,0,0,0,0,0,12030,121,0,0,2,1,0,0,2.976,3.301,1,B,NCTL,D,2,1,0.34,0,0,0,0,0,-1,0,0,0,0.4344405
2022-wimbledon-1101,0:08:26,1,1,1,0,2,2,16,2,2,199,0,0,15,12,8,8,0,1,0,1,0,0,0,0,0,0,0,0,0,0,0,0,23002,124,0,0,1,1,0,0,0.714,0.62,1,W,CTL,,2,2,-0.6,0,0,0,0,-1,0,-1,0,-1,0.006931247
2022-wimbledon-1101,0:08:54,1,1,1,0,3,0,17,1,1,191,1,0,19,12,9,8,1,0,1,0,0,0,0,0,0,0,0,0,0,0,0,0,13000,119,0,0,1,1,0,0,0.584,0.522,1,C,NCTL,,0,0,0,0,0,0,0,1,1,1,0,0,0.628131
2022-wimbledon-1101,0:09:09,1,1,1,0,3,0,18,2,1,144,1,1,17,13,9,9,0,0,0,0,0,0,1,0,0,0,0,0,0,0,0,0,11020,90,0,0,1,2,0,0,11.277,12.082,4,B,NCTL,ND,0,1,0,1,0,0,0,0,0,0,0,0,0.052831363
2022-wimbledon-1101,0:09:42,1,1,1,0,3,0,19,2,1,143,1,2,15,14,9,10,0,0,0,0,0,0,1,0,0,0,0,0,0,0,0,0,11020,89,0,0,1,2,0,0,18.245,19.983,8,BC,NCTL,ND,0,2,-0.26,1,0,0,0,0,-1,0,0,-1,-0.29140094
2022-wimbledon-1101,0:10:24,1,1,1,0,3,0,20,2,1,178,1,3,15,17,9,11,0,0,0,1,0,0,0,0,0,0,0,0,0,0,0,0,21010,111,0,0,1,2,0,F,10.272,8.805,4,BC,CTL,D,0,2,-0.86,0,0,0,0,-1,-2,-1,0,-1,-0.8098652
2022-wimbledon-1101,0:11:05,1,1,2,0,3,2,21,2,1,151,0,0,13,25,9,12,0,0,0,1,0,0,0,0,0,0,0,0,0,1,0,1,21011,94,0,1,2,2,0,F,8.15,10.884,4,B,NCTL,D,0,2,-0.6,0,0,0,0,-1,0,-1,0,-1,-0.6320652
2022-wimbledon-1101,0:12:52,1,1,2,0,4,0,22,2,2,193,0,1,13,29,9,13,0,1,0,1,0,0,0,0,0,0,0,0,0,0,0,0,23000,120,0,0,2,1,0,0,0.399,0.65,1,C,NCTL,,-2,0,-0.6,0,0,0,0,-1,-1,-1,-1,0,-0.52729905
2022-wimbledon-1101,0:13:08,1,1,2,0,4,0,23,2,2,196,0,2,13,32,9,14,0,0,0,1,0,0,0,0,0,0,0,0,0,0,0,0,21010,122,0,0,2,1,0,F,8.586,8.36,3,C,CTL,ND,-2,2,-1.46,0,0,0,0,-1,-2,-1,0,-1,-1.2355994
2022-wimbledon-1101,0:13:28,1,1,2,0,4,0,24,2,2,177,0,3,12,34,9,15,0,0,0,0,0,0,0,0,0,0,0,0,0,0,0,0,11030,110,0,0,2,1,0,0,3.771,3.371,1,BW,NCTL,D,-2,2,-0.86,0,0,0,0,0,-3,0,1,-1,-1.6923572
2022-wimbledon-1101,0:13:44,1,1,2,0,4,0,25,1,2,183,1,3,13,32,10,15,0,0,0,0,0,0,0,1,0,0,0,0,0,0,0,0,21020,114,0,0,2,1,0,0,10.14,10.691,4,C,NCTL,D,-2,2,-0.86,-1,0,0,0,0,-2,0,0,0,-0.81982917
2022-wimbledon-1101,0:14:08,1,1,3,0,4,2,26,2,2,181,0,0,12,36,10,16,0,0,0,0,0,0,0,0,0,0,0,0,0,0,0,0,11032,113,0,0,1,1,0,0,4.891,2.984,1,W,NCTL,D,-2,1,-0.6,0,0,0,0,0,0,0,0,0,-0.71054375
2022-wimbledon-1101,0:14:37,1,1,3,0,5,0,27,2,1,168,0,1,12,39,10,17,0,0,0,1,0,0,0,0,0,1,0,1,0,0,0,0,21010,105,0,0,1,2,0,F,26.45,28.255,8,C,NCTL,ND,-2,0,-0.6,0,-1,0,0,-1,-1,-2,0,0,-1.5982399
2022-wimbledon-1101,0:15:19,1,1,3,0,5,0,28,1,1,164,1,1,14,38,11,17,0,0,0,0,0,0,0,0,0,0,0,0,0,0,0,0,21030,102,0,0,1,2,0,0,2.432,3.68,1,BC,NCTL,ND,-2,2,-0.6,0,0,0,0,0,0,0,0,0,-0.71054375
2022-wimbledon-1101,0:15:50,1,1,3,0,5,0,29,1,1,148,2,1,16,37,12,17,0,0,0,0,0,0,0,0,0,0,0,0,0,0,0,0,21030,92,0,0,1,2,0,0,19.708,20.217,5,B,NCTL,ND,-2,1,-0.34,0,0,0,0,0,1,0,0,1,-0.31708005
2022-wimbledon-1101,0:16:29,1,1,3,0,5,0,30,2,1,0,2,2,12,38,12,18,0,0,0,0,1,0,1,0,0,0,0,0,0,0,0,0,15000,0,0,0,1,0,0,0,3.929,6.566,0,C,CTL,ND,-2,1,-1.45,1,0,1,0,0,0,0,1,0,-1.1677942
2022-wimbledon-1101,0:17:01,1,1,3,0,5,0,31,1,1,175,3,2,15,38,13,18,0,0,1,0,0,0,0,0,1,0,1,0,0,0,0,0,12010,109,0,0,1,1,0,B,7.757,14.425,3,W,CTL,ND,-2,2,0.86,0,1,0,0,1,1,2,1,0,-0.7350457
2022-wimbledon-1101,0:17:26,1,2,3,0,5,1,32,1,1,181,0,0,21,38,14,18,1,0,1,0,0,0,0,0,0,0,0,0,0,0,0,0,13002,113,0,0,2,1,0,0,0.775,0.542,1,C,CTL,,-2,1,0.6,0,0,0,0,1,0,1,0,1,-0.04631519
2022-wimbledon-1101,0:19:17,1,2,3,0,6,0,33,2,2,154,0,1,20,40,14,19,0,0,0,0,0,0,0,0,0,0,0,0,0,0,0,0,11030,96,0,0,2,1,0,0,5.127,3.371,1,W,CTL,ND,-2,0,-0.6,0,0,0,0,0,-1,0,1,0,-1.6527845
2022-wimbledon-1101,0:19:34,1,2,3,0,6,0,34,1,2,194,1,1,21,38,15,19,0,0,0,0,0,0,0,1,0,0,0,0,0,0,0,0,22020,121,0,0,2,1,0,0,29.505,22.291,8,BW,NCTL,ND,-2,2,-0.6,-1,0,0,0,0,0,0,0,0,-0.71054375
2022-wimbledon-1101,0:20:07,1,2,3,0,6,0,35,1,2,149,2,1,23,37,16,19,0,0,0,0,0,0,0,0,1,0,1,0,0,0,0,0,21030,93,0,0,2,2,0,0,65.443,53.199,16,BC,NCTL,ND,-2,1,0.26,0,1,0,0,0,1,1,0,1,0.2561534
2022-wimbledon-1101,0:21:07,1,2,3,0,6,0,36,2,2,185,2,2,22,39,16,20,0,0,0,0,0,0,0,0,0,0,0,0,0,0,0,0,11030,115,0,0,2,1,0,0,5.633,4.827,1,C,CTL,D,-2,1,-0.6,0,0,0,0,0,0,0,0,0,-0.71054375
2022-wimbledon-1101,0:21:30,1,2,3,0,6,0,37,1,2,159,3,2,24,38,17,20,0,0,0,0,0,0,0,0,0,0,0,0,0,0,0,0,22030,99,0,0,2,1,0,0,20.847,13.928,4,W,CTL,D,-2,2,-0.34,0,0,0,0,0,1,0,-1,0,0.22716814
2022-wimbledon-1101,0:22:00,1,3,3,0,6,1,38,1,2,148,0,0,29,34,18,20,0,0,0,0,0,0,0,1,0,0,0,0,1,0,1,0,22021,92,1,0,1,2,0,0,34.123,43.272,12,BC,NCTL,ND,-2,1,-0.6,-1,0,0,0,0,0,0,0,1,-0.62824327
2022-wimbledon-1101,0:23:03,1,3,3,0,7,0,39,1,1,167,1,0,31,33,19,20,0,0,0,0,0,0,0,0,0,0,0,0,0,0,0,0,22030,104,0,0,1,1,0,0,8.426,15.954,3,W,NCTL,D,0,0,0,0,0,0,0,0,1,0,0,0,0.14592811
2022-wimbledon-1101,0:23:26,1,3,3,0,7,0,40,1,1,143,2,0,33,32,20,20,0,0,0,0,0,0,0,0,0,0,0,0,0,0,0,0,21030,89,0,0,1,2,0,0,19.829,26.014,5,BC,NCTL,ND,0,1,0.26,0,0,0,0,0,2,0,0,1,0.23031479
2022-wimbledon-1101,0:24:11,1,3,3,0,7,0,41,1,1,196,3,0,35,31,21,20,0,0,0,0,0,0,0,0,0,0,0,0,0,0,0,0,21030,122,0,0,1,1,0,0,38.612,40.372,11,C,NCTL,D,0,1,0.26,0,0,0,0,0,3,0,0,1,0.23229347
2022-wimbledon-1101,0:25:00,1,4,3,0,7,1,42,1,1,194,0,0,40,31,22,20,0,0,1,0,0,0,0,0,1,0,1,0,0,0,0,0,11412,121,0,0,2,1,0,F,19.635,15.888,5,BW,NCTL,,0,1,1.2,0,1,0,0,1,0,2,-1,1,1.6786811
2022-wimbledon-1101,0:26:47,1,4,3,0,8,0,43,1,2,149,1,0,42,30,23,20,0,0,0,0,0,0,0,0,0,0,0,0,0,0,0,0,21030,93,0,0,2,2,0,0,8.451,8.035,2,BC,NCTL,D,2,0,0.6,0,0,0,0,0,1,0,0,0,0.8127984
2022-wimbledon-1101,0:27:20,1,4,3,0,8,0,44,2,2,189,1,1,41,32,23,21,0,0,0,0,0,0,0,0,0,0,0,0,0,0,0,0,11030,118,0,0,2,1,0,0,5.161,5.635,1,C,NCTL,D,2,1,0.6,0,0,0,0,0,0,0,0,0,0.62154746
2022-wimbledon-1101,0:27:41,1,4,3,0,8,0,45,1,2,157,2,1,44,32,24,21,0,0,1,0,0,0,0,0,0,0,0,0,0,0,0,0,11010,98,0,0,2,2,0,F,12.904,11.455,4,BW,NCTL,ND,2,2,1.46,0,0,0,0,1,1,1,0,0,1.2657542
2022-wimbledon-1101,0:28:20,1,4,3,0,8,0,46,2,2,165,2,2,43,34,24,22,0,0,0,0,0,0,0,0,0,0,0,0,0,0,0,0,12030,103,0,0,2,2,0,0,3.739,3.827,1,W,CTL,D,2,1,0.6,0,0,0,0,0,0,0,0,0,0.62154746
2022-wimbledon-1101,0:28:55,1,4,3,0,8,0,47,1,2,196,3,2,45,33,25,22,0,0,0,0,0,0,0,0,0,0,0,0,0,0,0,0,21030,122,0,0,2,1,0,0,8.721,8.251,2,C,NCTL,D,2,2,0.86,0,0,0,0,0,1,0,-1,0,1.5908952
2022-wimbledon-1101,0:29:21,1,5,3,0,8,1,48,1,2,149,0,0,50,29,26,22,0,0,0,0,0,0,0,1,0,0,0,0,1,0,1,0,22021,93,1,0,1,2,0,0,64.144,68.211,22,B,NCTL,ND,2,1,0.6,-1,0,0,0,0,0,0,0,1,0.65349734
2022-wimbledon-1101,0:30:56,1,5,3,0,9,0,49,1,1,149,1,0,52,28,27,22,0,0,0,0,0,0,0,0,0,0,0,0,0,0,0,0,22030,93,0,0,1,2,0,0,9.117,8.796,1,BC,NCTL,D,2,0,0.6,0,0,0,0,0,1,0,-1,0,1.5908952
2022-wimbledon-1101,0:31:43,1,5,3,0,9,0,50,2,1,183,1,1,51,30,27,23,0,0,0,0,0,0,0,0,0,1,0,1,0,0,0,0,12030,114,0,0,1,2,0,0,10.734,14.224,2,BC,NCTL,D,2,1,0,0,-1,0,0,0,0,-1,0,0,0.15022424
2022-wimbledon-1101,0:32:37,1,5,3,0,9,0,51,1,1,175,2,1,53,29,28,23,0,0,0,0,0,0,0,0,0,0,0,0,0,0,0,0,21030,109,0,0,1,1,0,0,0.954,0.393,1,W,CTL,,2,2,0.86,0,0,0,0,0,1,0,-1,0,1.5908952
2022-wimbledon-1101,0:32:56,1,5,3,0,9,0,52,1,1,141,3,1,55,28,29,23,0,0,0,0,0,0,0,0,0,0,0,0,0,0,0,0,21030,88,0,0,1,2,0,0,4.311,4.021,1,B,NCTL,ND,2,1,0.86,0,0,0,0,0,2,0,0,1,0.83831626
2022-wimbledon-1101,0:33:26,1,6,3,1,9,1,53,1,1,196,0,0,62,24,30,23,0,0,0,0,0,0,0,0,0,0,0,0,0,0,0,0,22033,122,0,0,2,1,0,0,11.282,10.926,3,C,NCTL,ND,2,1,0.6,0,0,0,0,0,0,0,0,1,0.65349734
2022-wimbledon-1101,0:35:45,2,0,0,0,1,0,54,2,2,152,0,1,61,26,30,24,0,0,0,0,0,0,0,0,0,0,0,0,0,0,0,0,11030,95,0,0,2,2,0,0,3.622,2.464,1,BC,NCTL,ND,3,0,0.9,0,0,0,0,0,-1,0,0,0,0.74567723
2022-wimbledon-1101,0:36:17,2,0,0,0,1,0,55,2,2,177,0,2,61,30,30,25,0,1,0,1,0,0,0,0,0,0,0,0,0,0,0,0,23000,110,0,0,2,1,0,0,0.632,0.716,1,W,CTL,,3,2,-0.56,0,0,0,0,-1,-2,-1,0,-1,0.13713714
2022-wimbledon-1101,0:36:47,2,0,0,0,1,0,56,2,2,189,0,3,61,33,30,26,0,0,0,1,0,0,0,0,0,0,0,0,0,0,0,0,21010,118,0,0,2,1,0,F,15.611,9.125,3,C,NCTL,ND,3,2,0.04,0,0,0,0,-1,-3,-1,0,-1,0.08644773
2022-wimbledon-1101,0:37:14,2,0,0,0,1,0,57,1,2,135,1,3,64,33,31,26,0,0,1,0,0,0,0,0,1,0,1,0,0,0,0,0,11010,84,0,0,2,2,0,F,20.814,20.393,4,BW,NCTL,ND,3,2,1.84,0,1,0,0,1,-2,2,1,0,1.0206592
2022-wimbledon-1101,0:37:58,2,0,1,0,1,2,58,2,2,196,0,0,62,36,31,27,0,0,0,0,0,0,1,0,0,0,0,0,0,0,0,0,12022,122,0,0,1,1,0,0,10.153,8.256,3,C,NCTL,ND,3,1,0.9,1,0,0,0,0,0,0,0,0,0.84473604
2022-wimbledon-1101,0:42:28,2,0,1,0,2,0,59,2,1,138,0,1,60,37,31,28,0,0,0,0,0,0,1,0,0,0,0,0,0,0,0,0,11020,86,0,0,1,2,0,0,20.789,22.511,6,BC,NCTL,D,1,0,0.3,1,0,0,0,0,-1,0,0,0,0.15532883
2022-wimbledon-1101,0:43:12,2,0,1,0,2,0,60,1,1,175,1,1,62,36,32,28,0,0,0,0,0,0,0,0,0,0,0,0,0,0,0,0,21030,109,0,0,1,1,0,0,7.534,7.578,1,C,NCTL,ND,1,2,0.3,0,0,0,0,0,0,0,0,0,0.3476329
2022-wimbledon-1101,0:43:35,2,0,1,0,2,0,61,1,1,162,2,1,64,35,33,28,0,0,0,0,0,0,0,0,0,0,0,0,0,0,0,0,21030,101,0,0,1,1,0,0,2.439,2.91,1,W,CTL,D,1,1,0.56,0,0,0,0,0,1,0,0,1,0.5475463
2022-wimbledon-1101,0:43:53,2,0,1,0,2,0,62,1,1,144,3,1,65,33,34,28,0,0,0,0,0,0,0,1,0,0,0,0,0,0,0,0,21020,90,0,0,1,2,0,0,0,0,7,,,,1,1,0.56,-1,0,0,0,0,2,0,0,1,0.49774867
2022-wimbledon-1101,0:44:40,2,1,1,0,2,1,63,1,1,168,0,0,69,32,35,28,0,0,0,0,0,0,0,0,0,0,0,0,0,0,0,0,21032,105,0,0,2,1,0,0,2.688,4.282,1,W,CTL,ND,1,1,0.3,0,0,0,0,0,0,0,-1,1,0.9267302
2022-wimbledon-1101,0:45:24,2,1,1,0,3,0,64,1,2,168,1,0,70,30,36,28,0,0,0,0,0,0,0,1,0,0,0,0,0,0,0,0,21020,105,0,0,2,1,0,0,18.067,15.541,2,BW,NCTL,ND,3,0,0.9,-1,0,0,0,0,1,0,0,0,1.077508
2022-wimbledon-1101,0:45:51,2,1,1,0,3,0,65,2,2,181,1,1,68,31,36,29,0,0,0,0,0,0,1,0,0,0,0,0,0,0,0,0,11020,113,0,0,2,1,0,0,12.407,9.82,3,C,NCTL,ND,3,1,0.9,1,0,0,0,0,0,0,0,0,0.84473604
2022-wimbledon-1101,0:46:14,2,1,1,0,3,0,66,2,2,197,1,2,67,33,36,30,0,0,0,0,0,0,0,0,0,0,0,0,0,0,0,0,12030,123,0,0,2,1,0,0,4.787,4.056,1,C,NCTL,D,3,2,0.64,0,0,0,0,0,-1,0,0,-1,0.6308375
2022-wimbledon-1101,0:46:37,2,1,1,0,3,0,67,2,2,186,1,3,66,35,36,31,0,0,0,0,0,0,0,0,0,0,0,0,0,0,0,0,12030,116,0,0,2,1,0,0,8.309,8.254,1,W,NCTL,D,3,2,0.64,0,0,0,0,0,-2,0,0,-1,0.6194646
2022-wimbledon-1101,0:46:55,2,1,2,0,3,2,68,2,2,175,0,0,65,39,36,32,0,0,0,0,0,0,0,0,0,1,0,1,0,0,0,0,11032,109,0,0,1,1,0,0,12.006,13.798,5,W,CTL,,3,2,0.3,0,-1,0,0,0,0,-1,0,-1,0.27382872
2022-wimbledon-1101,0:48:46,2,1,2,0,4,0,69,2,1,136,0,1,65,42,36,33,0,0,0,1,0,0,0,0,0,0,0,0,0,0,0,0,21010,85,0,0,1,2,0,F,14.264,11.603,4,B,NCTL,ND,1,0,0.3,0,0,0,0,-1,-1,-1,0,0,0.1395884
2022-wimbledon-1101,0:49:24,2,1,2,0,4,0,70,2,1,186,0,2,63,43,36,34,0,0,0,0,0,0,1,0,0,0,0,0,0,0,0,0,12020,116,0,0,1,1,0,0,7.543,7.318,2,W,CTL,ND,1,2,0.04,1,0,0,0,0,-2,0,0,-1,0.05133444
2022-wimbledon-1101,0:49:51,2,1,2,0,4,0,71,2,1,170,0,3,61,44,36,35,0,0,0,0,0,0,1,0,0,0,0,0,0,0,0,0,11020,106,0,0,1,1,0,0,33.771,40.835,8,W,CTL,D,1,2,0.04,1,0,0,0,0,-3,0,1,-1,-0.66241163
2022-wimbledon-1101,0:50:28,2,1,3,0,4,2,72,2,1,175,0,0,57,49,36,36,0,0,0,0,0,0,1,0,0,0,0,0,0,1,0,1,11021,109,0,1,2,2,0,0,7.263,9.39,2,C,CTL,ND,1,2,0.3,1,0,0,0,0,0,0,0,-1,0.27360567
2022-wimbledon-1101,0:51:14,2,1,3,0,5,0,73,1,2,164,1,0,58,47,37,36,0,0,0,0,0,0,0,1,0,1,0,0,0,0,0,0,21420,102,0,0,2,2,0,0,15.639,13.114,4,BC,NCTL,ND,1,0,0.3,-1,0,0,0,0,1,0,1,0,-0.2695263
2022-wimbledon-1101,0:51:56,2,1,3,0,5,0,74,1,2,0,2,0,59,43,38,36,0,0,0,0,0,1,0,1,0,0,0,0,0,0,0,0,25000,0,0,0,2,0,0,0,0.881,0.909,0,W,CTL,,1,1,1.41,-1,0,-1,0,0,2,0,0,1,0.49774867
2022-wimbledon-1101,0:52:32,2,1,3,0,5,0,75,1,2,160,3,0,61,42,39,36,0,0,0,0,0,0,0,0,0,0,0,0,0,0,0,0,22030,100,0,0,2,2,0,0,8.775,5.18,2,BW,NCTL,D,1,1,0.56,0,0,0,0,0,3,0,0,1,0.55036384
2022-wimbledon-1101,0:53:26,2,1,3,0,5,0,76,2,2,191,3,1,59,43,39,37,0,0,0,0,0,0,1,0,0,0,0,0,1,0,0,0,11020,119,1,0,2,1,0,0,37.51,40.61,13,B,NCTL,ND,1,1,0.56,1,0,0,0,0,2,0,0,0,0.52364284
2022-wimbledon-1101,0:54:06,2,1,3,0,5,0,77,2,2,193,3,2,59,46,39,38,0,0,0,1,0,0,0,0,0,1,0,1,1,0,0,0,22010,120,1,0,2,1,0,B,33.481,37.637,11,C,NCTL,D,1,2,-0.64,0,-1,0,0,-1,1,-2,0,-1,-0.59154123
2022-wimbledon-1101,0:54:47,2,1,3,0,5,0,78,2,2,193,3,3,58,48,39,39,0,0,0,0,0,0,0,0,0,0,0,0,1,0,0,0,11030,120,1,0,2,1,0,0,7.084,4.24,1,C,NCTL,ND,1,2,0.3,0,0,0,0,0,0,0,0,-1,0.27360567
2022-wimbledon-1101,0:55:09,2,1,3,0,5,0,79,2,2,197,3,4,56,49,39,40,0,0,0,0,0,0,1,0,0,0,0,0,0,0,0,0,11020,123,0,0,2,1,0,0,23.215,25.656,7,C,NCTL,D,1,2,0.04,1,0,0,0,0,-1,0,1,-1,-0.78589535
2022-wimbledon-1101,0:55:42,2,1,4,0,5,2,80,2,2,194,0,0,56,55,39,41,0,1,0,1,0,0,0,0,0,0,0,0,0,0,0,0,23002,121,0,0,1,1,0,0,0.399,0.701,1,C,CTL,,1,2,-0.9,0,0,0,0,-1,0,-1,0,-1,-0.3530087
2022-wimbledon-1101,0:57:38,2,1,4,0,6,0,81,1,1,188,1,0,58,54,40,41,0,0,0,0,0,0,0,0,1,0,1,0,0,0,0,0,21030,117,0,0,1,1,0,0,8.838,10.593,3,C,NCTL,ND,1,0,0.3,0,1,0,0,0,1,1,0,0,0.6624075
2022-wimbledon-1101,0:57:59,2,1,4,0,6,0,82,2,1,0,1,1,54,55,40,42,0,0,0,0,1,0,1,0,0,0,0,0,0,0,0,0,15000,0,0,0,1,0,0,0,2.034,2.527,0,W,CTL,,1,1,-0.55,1,0,1,0,0,0,0,1,0,-0.46620566
2022-wimbledon-1101,0:58:30,2,1,4,0,6,0,83,2,1,152,1,2,53,57,40,43,0,0,0,0,0,0,0,0,0,0,0,0,0,0,0,0,11030,95,0,0,1,2,0,0,5.103,10.482,2,W,CTL,D,1,2,0.04,0,0,0,0,0,-1,0,0,-1,0.034938462
2022-wimbledon-1101,0:59:27,2,1,4,0,6,0,84,1,1,191,2,2,55,56,41,43,0,0,0,0,0,0,0,0,0,0,0,0,0,0,0,0,22030,119,0,0,1,1,0,0,11.419,9.023,1,W,CTL,ND,1,2,0.3,0,0,0,0,0,0,0,0,0,0.3476329
2022-wimbledon-1101,0:59:52,2,1,4,0,6,0,85,1,1,188,3,2,58,56,42,43,0,0,1,0,0,0,0,0,0,0,0,0,0,0,0,0,11010,117,0,0,1,1,0,F,7.492,8.211,3,C,NCTL,ND,1,1,1.16,0,0,0,0,1,1,1,-1,1,1.3308324
2022-wimbledon-1101,1:00:19,2,2,4,0,6,1,86,1,1,178,0,0,62,55,43,43,0,0,0,0,0,0,0,0,0,0,0,0,0,0,0,0,22032,111,0,0,2,1,0,0,5.749,7.185,1,W,CTL,ND,1,1,0.3,0,0,0,0,0,0,0,-1,1,0.9267302
2022-wimbledon-1101,1:00:57,2,2,4,0,7,0,87,2,2,188,0,1,62,59,43,44,0,1,0,1,0,0,0,0,0,0,0,0,0,0,0,0,23000,117,0,0,2,1,0,0,0.6,0.534,1,C,NCTL,,1,0,0.3,0,0,0,0,-1,-1,-1,0,0,0.1395884
2022-wimbledon-1101,1:01:13,2,2,4,0,7,0,88,2,2,156,0,2,62,62,43,45,0,0,0,1,0,0,0,0,0,0,0,0,0,0,0,0,21010,97,0,0,2,2,0,F,16.386,21.4,5,B,NCTL,D,1,2,-0.56,0,0,0,0,-1,-2,-1,0,-1,-0.53309673
2022-wimbledon-1101,1:01:56,2,2,4,0,7,0,89,1,2,154,1,2,64,61,44,45,0,0,0,0,0,0,0,0,1,0,1,0,0,0,0,0,22030,96,0,0,2,2,0,0,32.087,33.684,10,BW,CTL,ND,1,2,0.64,0,1,0,0,0,-1,1,0,0,0.5812562
2022-wimbledon-1101,1:02:45,2,2,4,0,7,0,90,2,2,186,1,3,64,64,44,46,0,0,0,1,0,0,0,0,0,0,0,0,0,0,0,0,22010,116,0,0,2,1,0,B,9.288,9.161,3,B,NCTL,ND,1,1,-0.56,0,0,0,0,-1,-2,-1,0,0,-0.39726976
2022-wimbledon-1101,1:03:09,2,2,5,0,7,2,91,2,2,131,0,0,62,67,44,47,0,0,0,0,0,0,1,0,0,0,0,0,0,0,0,0,11022,82,0,0,1,2,0,0,11.051,10.034,3,C,NCTL,ND,1,2,0.3,1,0,0,0,0,0,0,-1,-1,0.76514626
2022-wimbledon-1101,1:05:24,2,2,5,0,8,0,92,1,1,136,1,0,64,66,45,47,0,0,0,0,0,0,0,0,0,0,0,0,0,0,0,0,22030,85,0,0,1,2,0,0,4.291,6.676,1,C,NCTL,D,1,0,0.3,0,0,0,0,0,1,0,-1,0,1.1018957
2022-wimbledon-1101,1:05:52,2,2,5,0,8,0,93,1,1,185,2,0,67,66,46,47,0,0,1,0,0,0,0,0,0,0,0,0,0,0,0,0,11010,115,0,0,1,1,0,F,6.994,6.994,3,BW,NCTL,ND,1,1,1.16,0,0,0,0,1,2,1,0,1,0.96100056
2022-wimbledon-1101,1:06:10,2,2,5,0,8,0,94,1,1,180,3,0,69,65,47,47,0,0,0,0,0,0,0,0,0,0,0,0,0,0,0,0,21030,112,0,0,1,1,0,0,4.346,4.667,1,W,CTL,D,1,1,0.56,0,0,0,0,0,3,0,0,1,0.55036384
2022-wimbledon-1101,1:06:27,2,3,5,0,8,1,95,1,1,149,0,0,74,65,48,47,0,0,1,0,0,0,0,0,0,0,0,0,0,0,0,0,11012,93,0,0,2,2,0,F,9.862,7.894,3,B,NCTL,ND,1,1,0.9,0,0,0,0,1,0,1,0,1,0.8976903
2022-wimbledon-1101,1:07:15,2,3,5,0,9,0,96,1,2,186,1,0,75,63,49,47,0,0,0,0,0,0,0,1,0,0,0,0,0,0,0,0,21020,116,0,0,2,1,0,0,16.539,12.022,6,BW,CTL,ND,1,0,0.3,-1,0,0,0,0,1,0,0,0,0.4257898
2022-wimbledon-1101,1:09:25,2,3,5,0,9,0,97,1,2,144,2,0,76,61,50,47,0,0,0,0,0,0,0,1,0,0,0,0,0,0,0,0,22020,90,0,0,2,2,0,0,13.168,13.075,4,BW,NCTL,ND,1,1,0.56,-1,0,0,0,0,2,0,0,1,0.49774867
2022-wimbledon-1101,1:10:04,2,3,5,0,9,0,98,2,2,194,2,1,75,63,50,48,0,0,0,0,0,0,0,0,0,1,0,1,0,0,0,0,12030,121,0,0,2,1,0,0,32.994,40.641,9,C,NCTL,ND,1,1,-0.04,0,-1,0,0,0,1,-1,0,0,-0.009852566
2022-wimbledon-1101,1:10:43,2,3,5,0,9,0,99,2,2,152,2,2,75,66,50,49,0,0,0,1,0,0,0,0,0,0,0,0,0,0,0,0,21010,95,0,0,2,2,0,F,58.557,70.146,21,BW,NCTL,D,1,2,-0.3,0,0,0,0,-1,0,-1,0,-1,-0.3530087
2022-wimbledon-1101,1:11:51,2,3,5,0,9,0,100,2,2,194,2,3,75,69,50,50,0,0,0,1,0,0,0,0,0,0,0,0,0,0,0,0,21010,121,0,0,2,1,0,F,16.13,8.557,3,C,NCTL,ND,1,2,-0.56,0,0,0,0,-1,-1,-1,1,-1,-1.7831966
2022-wimbledon-1101,1:12:17,2,3,6,2,9,2,101,2,2,201,0,0,71,76,50,51,0,0,0,0,0,0,0,0,0,0,0,0,0,0,0,0,12033,125,0,0,1,1,0,0,3.987,3.253,1,W,CTL,D,1,2,0.3,0,0,0,0,0,0,0,0,-1,0.27360567
2022-wimbledon-1101,1:14:24,3,0,0,0,1,0,102,1,1,189,1,0,74,76,51,51,0,0,1,0,0,0,0,0,1,0,1,0,0,0,0,0,11010,118,0,0,1,1,0,F,10.885,10.004,3,C,CTL,ND,0,0,0,0,1,0,0,1,1,2,0,0,1.0189146
2022-wimbledon-1101,1:14:46,3,0,0,0,1,0,103,1,1,175,2,0,76,75,52,51,0,0,0,0,0,0,0,0,1,0,1,0,0,0,0,0,21030,109,0,0,1,1,0,0,9.837,12.867,3,C,NCTL,ND,0,1,0.86,0,1,0,0,0,2,1,0,1,0.7994523
2022-wimbledon-1101,1:15:08,3,0,0,0,1,0,104,2,1,152,2,1,75,77,52,52,0,0,0,0,0,0,0,0,0,0,0,0,0,0,0,0,11030,95,0,0,1,2,0,0,3.933,6.799,2,W,CTL,D,0,1,0.26,0,0,0,0,0,1,0,0,0,0.14592811
2022-wimbledon-1101,1:15:42,3,0,0,0,1,0,105,1,1,136,3,1,77,76,53,52,0,0,0,0,0,0,0,0,0,0,0,0,0,0,0,0,22030,85,0,0,1,2,0,0,32.008,31.144,9,B,NCTL,D,0,2,0.26,0,0,0,0,0,2,0,0,0,0.18449703
2022-wimbledon-1101,1:16:32,3,0,0,0,1,0,106,2,1,149,3,2,76,78,53,53,0,0,0,0,0,0,0,0,0,0,0,0,0,0,0,0,11030,93,0,0,1,2,0,0,15.132,14.396,4,B,NCTL,D,0,1,0.26,0,0,0,0,0,1,0,-1,0,0.75613153
2022-wimbledon-1101,1:17:12,3,1,0,0,1,1,107,1,1,188,0,0,80,77,54,53,0,0,0,0,0,0,0,0,0,0,0,0,0,0,0,0,21032,117,0,0,2,1,0,0,8.148,4.986,1,B,NCTL,D,0,2,0,0,0,0,0,0,0,0,1,0,-0.7246656
2022-wimbledon-1101,1:18:07,3,1,0,0,2,0,108,1,2,140,1,0,82,76,55,53,0,0,0,0,0,0,0,0,0,0,0,0,0,0,0,0,22030,87,0,0,2,2,0,0,17.656,15.573,4,C,NCTL,ND,2,0,0.6,0,0,0,0,0,1,0,1,0,0.22299446
2022-wimbledon-1101,1:18:48,3,1,0,0,2,0,109,1,2,185,2,0,84,75,56,53,0,0,0,0,0,0,0,0,0,1,0,0,0,0,0,0,22030,115,0,0,2,1,0,0,36.085,29.591,6,W,CTL,D,2,1,0.86,0,0,0,0,0,2,0,0,1,0.83831626
2022-wimbledon-1101,1:19:22,3,1,0,0,2,0,110,2,2,172,2,1,82,76,56,54,0,0,0,0,0,0,1,0,0,0,0,0,0,0,0,0,11020,107,0,0,2,1,0,0,59.769,57.2,19,W,NCTL,D,2,1,0.86,1,0,0,0,0,1,0,0,0,0.8127984
2022-wimbledon-1101,1:20:13,3,1,0,0,2,0,111,2,2,146,2,2,80,77,56,55,0,0,0,0,0,0,1,0,0,0,0,0,0,0,0,0,12020,91,0,0,2,2,0,0,61.289,60.795,13,B,NCTL,D,2,2,0.6,1,0,0,0,0,0,0,-1,-1,1.2412194
2022-wimbledon-1101,1:21:20,3,1,0,0,2,0,112,2,2,149,2,3,78,78,56,56,0,0,0,0,0,0,1,0,1,0,0,0,0,0,0,0,11020,93,0,0,2,2,0,0,52.444,60.736,17,BC,NCTL,ND,2,2,0.34,1,0,0,0,0,-1,0,-1,-1,1.1963015
2022-wimbledon-1101,1:22:23,3,1,1,0,2,2,113,2,2,146,0,0,76,81,56,57,0,0,0,0,0,0,1,0,1,0,0,0,0,0,0,0,11522,91,0,0,1,2,0,0,50.768,40.688,9,B,NCTL,D,2,2,0.6,1,0,0,0,0,0,0,0,-1,0.6088646
2022-wimbledon-1101,1:23:32,3,1,1,0,3,0,114,1,1,164,1,0,80,81,57,57,1,0,1,0,0,0,0,0,0,0,0,0,0,0,0,0,13000,102,0,0,1,1,0,0,0.919,0.49,1,W,CTL,,0,0,0,0,0,0,0,1,1,1,0,0,0.628131
2022-wimbledon-1101,1:23:57,3,1,1,0,3,0,115,2,1,167,1,1,79,83,57,58,0,0,0,0,0,0,0,0,0,0,0,0,0,0,0,0,11030,104,0,0,1,2,0,0,7.23,10.009,2,C,NCTL,D,0,1,0,0,0,0,0,0,0,0,-1,0,0.7843288
2022-wimbledon-1101,1:24:46,3,1,1,0,3,0,116,1,1,180,2,1,82,83,58,58,0,0,1,0,0,0,0,0,1,0,1,0,0,0,0,0,11410,112,0,0,1,1,0,F,14.531,18.272,3,W,CTL,,0,2,1.46,0,1,0,0,1,1,2,0,0,1.0189146
2022-wimbledon-1101,1:25:12,3,1,1,0,3,0,117,1,1,194,3,1,85,83,59,58,0,0,1,0,0,0,0,0,0,0,0,0,0,0,0,0,11010,121,0,0,1,1,0,F,5.723,8.228,3,W,CTL,ND,0,1,0.86,0,0,0,0,1,2,1,-1,1,1.4572434
2022-wimbledon-1101,1:25:33,3,2,1,0,3,1,118,1,1,196,0,0,90,83,60,58,0,0,1,0,0,0,0,0,1,0,1,0,0,0,0,0,11512,122,0,0,2,1,0,F,8.505,8.517,3,C,NCTL,,0,1,1.2,0,1,0,0,1,0,2,0,1,1.1953923
2022-wimbledon-1101,1:27:24,3,2,1,0,4,0,119,1,2,191,1,0,91,81,61,58,0,0,0,0,0,0,0,1,0,0,0,0,0,0,0,0,22020,119,0,0,2,1,0,0,17.96,16.995,6,C,NCTL,D,2,0,0.6,-1,0,0,0,0,1,0,0,0,0.8127984
2022-wimbledon-1101,1:27:52,3,2,1,0,4,0,120,2,2,156,1,1,91,84,61,59,0,0,0,1,0,0,0,0,0,0,0,0,0,0,0,0,21010,97,0,0,2,2,0,F,13.796,8.802,3,BW,NCTL,ND,2,1,0,0,0,0,0,-1,0,-1,-1,0,0.7351663
2022-wimbledon-1101,1:28:30,3,2,1,0,4,0,121,2,2,122,1,2,90,86,61,60,0,0,0,0,0,0,0,0,1,0,0,0,0,0,0,0,12030,76,0,0,2,2,0,0,50.4,59.201,13,BC,NCTL,D,2,2,0.34,0,0,0,0,0,-1,0,0,-1,0.40168458
2022-wimbledon-1101,1:29:29,3,2,1,0,4,0,122,2,2,136,1,3,90,89,61,61,0,0,0,1,0,0,0,0,0,1,0,1,0,0,0,0,21410,85,0,0,2,2,0,F,32.137,34.043,11,BW,NCTL,D,2,2,-0.86,0,-1,0,0,-1,-2,-2,0,-1,-0.8999467
2022-wimbledon-1101,1:30:22,3,2,2,0,4,2,123,2,2,159,0,0,90,94,61,62,0,0,0,1,0,0,0,0,0,0,0,0,0,0,0,0,21012,99,0,0,1,2,0,F,18.972,17.06,7,BW,NCTL,D,2,2,0,0,0,0,0,-1,0,-1,0,-1,0.006931247
2022-wimbledon-1101,1:31:16,3,2,2,0,5,0,124,2,1,191,0,1,88,95,61,63,0,0,0,0,0,0,1,0,0,0,0,0,0,0,0,0,11420,119,0,0,1,1,0,0,5.915,7.48,2,C,NCTL,,0,0,0,1,0,0,0,0,-1,0,0,0,-0.16372168
2022-wimbledon-1101,1:31:43,3,2,2,0,5,0,125,1,1,189,1,1,90,94,62,63,0,0,0,0,0,0,0,0,1,0,1,0,0,0,0,0,22030,118,0,0,1,1,0,0,10.628,11.168,3,W,CTL,ND,0,2,0.6,0,1,0,0,0,0,1,0,0,0.49959627
2022-wimbledon-1101,1:32:09,3,2,2,0,5,0,126,1,1,172,2,1,94,94,63,63,1,0,1,0,0,0,0,0,0,0,0,0,0,0,0,0,13000,107,0,0,1,1,0,0,2.88,5.003,1,W,CTL,D,0,1,1.46,0,0,0,0,1,1,1,0,1,0.809872
2022-wimbledon-1101,1:32:29,3,2,2,0,5,0,127,1,1,141,3,1,95,92,64,63,0,0,0,0,0,0,0,1,0,0,0,0,0,0,0,0,21020,88,0,0,1,2,0,0,14.513,12.76,3,BW,NCTL,D,0,1,0.26,-1,0,0,0,0,2,0,0,1,0.23031479
2022-wimbledon-1101,1:33:10,3,2,2,0,5,0,128,2,1,157,3,2,95,95,64,64,0,0,0,1,0,0,0,0,0,0,0,0,0,0,0,0,22410,98,0,0,1,2,0,B,16.48,18.423,6,B,NCTL,D,0,1,-0.34,0,0,0,0,-1,1,-1,0,0,-0.33061945
2022-wimbledon-1101,1:34:11,3,2,2,0,5,0,129,2,1,189,3,3,94,97,64,65,0,0,0,0,0,0,0,0,0,0,0,0,0,0,0,0,11030,118,0,0,1,1,0,0,8.397,6.818,2,BC,NCTL,D,0,2,0,0,0,0,0,0,0,0,-1,-1,0.69332576
2022-wimbledon-1101,1:34:40,3,2,2,0,5,0,130,2,1,140,3,4,93,99,64,66,0,0,0,0,0,0,0,0,1,0,0,0,0,0,0,0,11430,87,0,0,1,2,0,0,16.327,20.284,6,C,NCTL,ND,0,2,-0.26,0,0,0,0,0,-1,0,0,-1,-0.29140094
2022-wimbledon-1101,1:35:28,3,2,2,0,5,0,131,1,1,181,3,3,95,98,65,66,0,0,0,0,0,0,0,0,0,0,0,0,0,1,0,0,21030,113,0,1,1,2,0,0,3.544,6.292,1,C,CTL,D,0,2,0,0,0,0,0,0,0,0,0,0,0.052831363
2022-wimbledon-1101,1:36:02,3,2,2,0,5,0,132,1,1,191,4,3,97,97,66,66,0,0,0,0,0,0,0,0,1,0,1,0,0,0,0,0,21030,119,0,0,1,1,0,0,17.058,19.43,3,C,NCTL,D,0,1,0.86,0,1,0,0,0,1,1,0,1,0.809872
2022-wimbledon-1101,1:36:30,3,3,2,0,5,1,133,1,1,186,0,0,101,96,67,66,0,0,0,0,0,0,0,0,1,0,1,0,0,0,0,0,22032,116,0,0,2,1,0,0,47.035,50.073,15,C,NCTL,ND,0,1,0.6,0,1,0,0,0,0,1,0,1,0.55302995
2022-wimbledon-1101,1:38:48,3,3,2,0,6,0,134,2,2,172,0,1,101,99,67,67,0,0,0,1,0,0,0,0,0,0,0,0,0,0,0,0,21010,107,0,0,2,1,0,F,7.145,4.366,3,BW,NCTL,ND,2,0,0.6,0,0,0,0,-1,-1,-1,0,0,0.43640438
2022-wimbledon-1101,1:39:11,3,3,2,0,6,0,135,2,2,183,0,2,101,102,67,68,0,0,0,1,0,0,0,0,0,0,0,0,0,0,0,0,21010,114,0,0,2,1,0,F,18.003,13.842,5,C,NCTL,D,2,2,-0.26,0,0,0,0,-1,-2,-1,-1,-1,0.651515
2022-wimbledon-1101,1:39:37,3,3,2,0,6,0,136,2,2,135,0,3,100,104,67,69,0,0,0,0,0,0,0,0,0,0,0,0,0,0,0,0,12030,84,0,0,2,2,0,0,5.39,6.112,1,C,NCTL,ND,2,2,0.34,0,0,0,0,0,-3,0,0,-1,0.36500886
2022-wimbledon-1101,1:40:09,3,3,2,0,6,0,137,1,2,180,1,3,102,103,68,69,0,0,0,0,0,0,0,0,0,1,0,0,0,0,0,0,22430,112,0,0,2,1,0,0,12.739,11.004,2,C,NCTL,,2,2,0.34,0,0,0,0,0,-2,0,0,0,0.36220878
2022-wimbledon-1101,1:40:34,3,3,3,0,6,2,138,2,2,191,0,0,101,107,68,70,0,0,0,0,0,0,0,0,0,0,0,0,0,0,0,0,11032,119,0,0,1,1,0,0,19.707,15.29,5,C,NCTL,ND,2,1,0.6,0,0,0,0,0,0,0,0,0,0.62154746
2022-wimbledon-1101,1:41:09,3,3,3,0,7,0,139,1,1,167,1,0,104,107,69,70,0,0,1,0,0,0,0,0,0,0,0,0,0,0,0,0,14000,104,0,0,1,1,S,0,3.375,3.931,1,W,CTL,ND,0,0,0,0,0,0,0,1,1,1,0,0,0.628131
2022-wimbledon-1101,1:41:30,3,3,3,0,7,0,140,1,1,196,2,0,108,107,70,70,1,0,1,0,0,0,0,0,0,0,0,0,0,0,0,0,13000,122,0,0,1,1,0,0,0.948,0.742,1,W,CTL,,0,1,1.46,0,0,0,0,1,2,1,0,1,0.7994523
2022-wimbledon-1101,1:41:58,3,3,3,0,7,0,141,2,1,162,2,1,107,109,70,71,0,0,0,0,0,0,0,0,0,1,0,1,0,0,0,0,12030,101,0,0,1,2,0,0,12.784,14.717,4,B,NCTL,ND,0,1,-0.34,0,-1,0,0,0,1,-1,0,0,-0.33061945
2022-wimbledon-1101,1:42:36,3,3,3,0,7,0,142,1,1,138,3,1,108,107,71,71,0,0,0,0,0,0,0,1,0,0,0,0,0,0,0,0,21020,86,0,0,1,2,0,0,14.166,18.63,5,BW,NCTL,ND,0,2,0.26,-1,0,0,0,0,2,0,0,0,0.18449703
2022-wimbledon-1101,1:43:15,3,4,3,0,7,1,143,1,1,173,0,0,113,107,72,71,0,0,1,0,0,0,0,0,1,0,1,0,0,0,0,0,11012,108,0,0,2,1,0,F,9.24,12.96,3,W,CTL,ND,0,1,1.2,0,1,0,0,1,0,2,0,1,1.1953923
2022-wimbledon-1101,1:44:58,3,4,3,0,8,0,144,2,2,172,0,1,112,109,72,72,0,0,0,0,0,0,0,0,1,0,0,0,0,0,0,0,12430,107,0,0,2,1,0,0,20.205,12.893,5,BW,NCTL,ND,2,0,0.6,0,0,0,0,0,-1,0,0,0,0.4344405
2022-wimbledon-1101,1:45:26,3,4,3,0,8,0,145,1,2,0,1,1,113,105,73,72,0,0,0,0,0,1,0,1,0,0,0,0,0,0,0,0,25000,0,0,0,2,0,0,0,6.423,4.623,0,W,CTL,ND,2,2,1.45,-1,0,-1,0,0,0,0,-1,0,1.267302
2022-wimbledon-1101,1:46:01,3,4,3,0,8,0,146,1,2,148,2,1,115,104,74,72,0,0,0,0,0,0,0,0,0,0,0,0,0,0,0,0,21030,92,0,0,2,2,0,0,7.16,5.077,2,C,NCTL,D,2,1,0.86,0,0,0,0,0,1,0,0,1,0.8788448
2022-wimbledon-1101,1:46:40,3,4,3,0,8,0,147,1,2,183,3,1,116,102,75,72,0,0,0,0,0,0,0,1,0,0,0,0,0,0,0,0,22020,114,0,0,2,1,0,0,38.428,37.635,12,W,CTL,D,2,1,0.86,-1,0,0,0,0,2,0,0,1,0.83831626
2022-wimbledon-1101,1:47:21,3,5,3,0,8,1,148,1,2,160,0,0,122,99,76,72,0,0,0,0,0,0,0,0,1,0,1,0,1,0,1,0,22031,100,1,0,1,2,0,0,28.427,35.602,8,BC,NCTL,ND,2,1,1.2,0,1,0,0,0,0,1,0,1,1.3163146
2022-wimbledon-1101,1:48:22,3,5,3,0,9,0,149,1,1,196,1,0,124,98,77,72,0,0,0,0,0,0,0,0,0,0,0,0,0,0,0,0,22030,122,0,0,1,1,0,0,0.4,0.669,1,C,CTL,,2,0,0.6,0,0,0,0,0,1,0,0,0,0.8127984
2022-wimbledon-1101,1:48:40,3,5,3,0,9,0,150,1,1,188,2,0,128,98,78,72,1,0,1,0,0,0,0,0,0,0,0,0,0,0,0,0,13000,117,0,0,1,1,0,0,0.726,0.545,1,C,CTL,,2,1,2.06,0,0,0,0,1,2,1,1,1,0.811084
2022-wimbledon-1101,1:48:57,3,5,3,0,9,0,151,1,1,178,3,0,131,98,79,72,0,0,1,0,0,0,0,0,0,0,0,0,0,0,0,0,14000,111,0,0,1,2,S,0,3.813,5.418,1,C,NCTL,ND,2,1,1.46,0,0,0,0,1,3,1,0,1,1.4095324
2022-wimbledon-1101,1:49:25,3,5,3,0,9,0,152,2,1,173,3,1,130,100,79,73,0,0,0,0,0,0,0,0,0,0,0,0,0,0,0,0,11030,108,0,0,1,2,0,0,10.746,15.722,4,C,NCTL,ND,2,1,0.86,0,0,0,0,0,2,0,0,0,0.805863
2022-wimbledon-1101,1:50:06,3,6,3,1,9,1,153,1,1,194,0,0,139,97,80,73,1,0,1,0,0,0,0,0,0,0,0,0,0,0,0,0,13003,121,0,0,2,1,0,0,0.791,0.255,1,C,NCTL,,2,2,1.8,0,0,0,0,1,0,1,0,0,1.2120042
2022-wimbledon-1101,1:52:37,4,0,0,0,1,0,154,2,2,183,0,1,139,100,80,74,0,0,0,1,0,0,0,0,0,0,0,0,0,0,0,0,21010,114,0,0,2,1,0,F,6.448,6.565,3,BC,NCTL,ND,3,0,0.9,0,0,0,0,-1,-1,-1,0,0,0.6602237
2022-wimbledon-1101,1:52:56,4,0,0,0,1,0,155,2,2,144,0,2,138,102,80,75,0,0,0,0,0,0,0,0,0,0,0,0,0,0,0,0,11030,90,0,0,2,2,0,0,3.089,2.574,1,B,NCTL,ND,3,2,0.64,0,0,0,0,0,-2,0,0,-1,0.6194646
2022-wimbledon-1101,1:53:26,4,0,0,0,1,0,156,1,2,0,1,2,139,98,81,75,0,0,0,0,0,1,0,1,0,0,0,0,0,0,0,0,25000,0,0,0,2,0,0,0,0,0,0,,,,3,2,1.49,-1,0,-1,0,0,-1,0,-2,0,2.2746844
2022-wimbledon-1101,1:53:59,4,0,0,0,1,0,157,1,2,178,2,2,141,97,82,75,0,0,0,0,0,0,0,0,0,0,0,0,0,0,0,0,22030,111,0,0,2,1,0,0,10.179,6.431,2,W,CTL,ND,3,1,0.9,0,0,0,0,0,0,0,0,1,0.6388387
2022-wimbledon-1101,1:54:24,4,0,0,0,1,0,158,1,2,140,3,2,143,96,83,75,0,0,0,0,0,0,0,0,0,0,0,0,0,0,0,0,22030,87,0,0,2,2,0,0,45.867,44.932,14,C,NCTL,ND,3,1,1.16,0,0,0,0,0,1,0,0,1,0.91414946
2022-wimbledon-1101,1:55:36,4,0,0,0,1,0,159,2,2,178,3,3,142,98,83,76,0,0,0,0,0,0,0,0,0,0,0,0,1,0,0,0,11030,111,1,0,2,1,0,0,3.991,3.437,1,C,NCTL,ND,3,1,0.9,0,0,0,0,0,0,0,1,0,0.23535791
2022-wimbledon-1101,1:55:59,4,0,0,0,1,0,160,2,2,175,3,4,140,99,83,77,0,0,0,0,0,0,1,0,0,0,0,0,0,0,0,0,12020,109,0,0,2,1,0,0,18.728,16.765,5,BW,NCTL,D,3,2,0.64,1,0,0,0,0,-1,0,0,-1,0.6308375
2022-wimbledon-1101,1:56:27,4,0,1,0,1,2,161,2,2,125,0,0,140,104,83,78,0,0,0,1,0,0,0,0,0,1,0,1,0,0,0,0,21412,78,0,0,1,2,0,F,16.215,15.977,5,BW,NCTL,ND,3,2,-0.3,0,-1,0,0,-1,0,-2,0,-1,-0.29431885
2022-wimbledon-1101,1:57:43,4,0,1,0,2,0,162,1,1,170,1,0,142,103,84,78,0,0,0,0,0,0,0,0,0,0,0,0,0,0,0,0,21030,106,0,0,1,1,0,0,0.6,0.339,1,W,CTL,,1,0,0.3,0,0,0,0,0,1,0,0,0,0.4257898
2022-wimbledon-1101,1:58:01,4,0,1,0,2,0,163,2,1,180,1,1,142,106,84,79,0,0,0,1,0,0,0,0,0,1,0,1,0,0,0,0,21010,112,0,0,1,1,0,F,18.781,19.474,6,W,CTL,D,1,1,-0.9,0,-1,0,0,-1,0,-2,0,0,-0.43973854
2022-wimbledon-1101,1:58:36,4,0,1,0,2,0,164,2,1,159,1,2,140,107,84,80,0,0,0,0,0,0,1,0,0,0,0,0,0,0,0,0,11020,99,0,0,1,1,0,0,17.888,23.081,6,W,NCTL,D,1,2,0.04,1,0,0,0,0,-1,0,0,-1,0.034938462
2022-wimbledon-1101,1:59:07,4,0,1,0,2,0,165,2,1,136,1,3,140,110,84,81,0,0,0,1,0,0,0,0,0,0,0,0,0,0,0,0,21010,85,0,0,1,2,0,F,27.548,34.382,10,BW,NCTL,ND,1,2,-0.56,0,0,0,0,-1,-2,-1,0,-1,-0.53309673
2022-wimbledon-1101,1:59:56,4,0,1,0,2,0,166,1,1,173,2,3,142,109,85,81,0,0,0,0,0,0,0,0,0,0,0,0,0,1,0,0,21030,108,0,1,1,1,0,0,8.516,7.253,1,W,CTL,D,1,2,0.04,0,0,0,0,0,-1,0,-1,0,0.72996926
2022-wimbledon-1101,2:00:21,4,0,1,0,2,0,167,1,1,146,3,3,143,107,86,81,0,0,0,0,0,0,0,1,0,0,0,0,0,1,0,0,21020,91,0,1,1,2,0,0,2.867,3.14,1,B,NCTL,ND,1,1,0.3,-1,0,0,0,0,0,0,0,1,0.3464967
2022-wimbledon-1101,2:01:01,4,0,1,0,2,0,168,2,1,191,3,4,141,108,86,82,0,0,0,0,0,0,1,0,0,0,0,0,0,0,0,0,11020,119,0,0,1,1,0,0,13.062,14.071,4,C,NCTL,D,1,1,0.04,1,0,0,0,0,-1,0,-1,0,0.72996926
2022-wimbledon-1101,2:01:34,4,0,1,0,2,0,169,1,1,201,3,3,145,108,87,82,1,0,1,0,0,0,0,0,0,0,0,0,0,1,0,0,13000,125,0,1,1,1,0,0,1.136,0.435,1,W,CTL,,1,2,1.5,0,0,0,0,1,0,1,0,0,0.77523154
2022-wimbledon-1101,2:01:59,4,0,1,0,2,0,170,1,1,133,4,3,148,108,88,82,0,0,1,0,0,0,0,0,0,1,0,0,0,0,0,0,11010,83,0,0,1,2,0,F,30.991,35.98,9,C,NCTL,ND,1,1,1.16,0,0,0,0,1,1,1,0,1,0.9058847
2022-wimbledon-1101,2:02:56,4,1,1,0,2,1,171,1,1,189,0,0,151,106,89,82,0,0,0,0,0,0,0,1,0,0,0,0,0,0,0,0,22022,118,0,0,2,1,0,0,35.823,34.551,9,BW,CTL,D,1,1,0.3,-1,0,0,0,0,0,0,-1,1,0.9267302
2022-wimbledon-1101,2:03:49,4,1,1,0,3,0,172,2,2,151,0,1,149,107,89,83,0,0,0,0,0,0,1,0,0,0,0,0,0,0,0,0,11020,94,0,0,2,2,0,0,9.315,12.833,5,BC,CTL,D,3,0,0.9,1,0,0,0,0,-1,0,0,0,0.74567723
2022-wimbledon-1101,2:04:26,4,1,1,0,3,0,173,2,2,167,0,2,147,108,89,84,0,0,0,0,0,0,1,0,0,0,0,0,0,0,0,0,11020,104,0,0,2,1,0,0,17.431,14.463,5,BC,NCTL,D,3,2,0.64,1,0,0,0,0,-2,0,0,-1,0.6194646
2022-wimbledon-1101,2:04:52,4,1,1,0,3,0,174,2,2,189,0,3,146,110,89,85,0,0,0,0,0,0,0,0,0,0,0,0,0,0,0,0,12030,118,0,0,2,1,0,0,17.152,19.147,3,C,CTL,ND,3,2,0.64,0,0,0,0,0,-3,0,0,-1,0.59835774
2022-wimbledon-1101,2:05:19,4,1,2,0,3,2,175,2,2,173,0,0,146,116,89,86,0,1,0,1,0,0,0,0,0,0,0,0,0,0,0,0,23002,108,0,0,1,1,0,0,0.635,0.659,1,C,NCTL,,3,2,-0.3,0,0,0,0,-1,0,-1,0,-1,0.27382872
2022-wimbledon-1101,2:07:09,4,1,2,0,4,0,176,1,1,170,1,0,147,114,90,86,0,0,0,0,0,0,0,1,0,0,0,0,0,0,0,0,22020,106,0,0,1,2,0,0,14.1,14.769,5,W,NCTL,ND,1,0,0.3,-1,0,0,0,0,1,0,0,0,0.4257898
2022-wimbledon-1101,2:07:50,4,1,2,0,4,0,177,1,1,189,2,0,149,113,91,86,0,0,0,0,0,0,0,0,0,0,0,0,0,0,0,0,22030,118,0,0,1,1,0,0,3.429,3.771,1,BW,NCTL,D,1,1,0.56,0,0,0,0,0,2,0,1,1,-0.21914774
2022-wimbledon-1101,2:08:09,4,1,2,0,4,0,178,1,1,168,3,0,151,112,92,86,0,0,0,0,0,0,0,0,0,0,0,0,0,0,0,0,21030,105,0,0,1,1,0,0,10.772,14.874,3,W,CTL,D,1,1,0.56,0,0,0,0,0,3,0,-1,1,1.3494003
2022-wimbledon-1101,2:08:34,4,2,2,0,4,1,179,1,1,165,0,0,155,111,93,86,0,0,0,0,0,0,0,0,0,0,0,0,0,0,0,0,21032,103,0,0,2,2,0,0,4.018,4.664,1,B,NCTL,D,1,1,0.3,0,0,0,0,0,0,0,0,1,0.3464967
2022-wimbledon-1101,2:09:51,4,2,2,0,5,0,180,1,2,191,1,0,157,110,94,86,0,0,0,0,0,0,0,0,0,0,0,0,0,0,0,0,21030,119,0,0,2,1,0,0,35.249,32.998,8,C,CTL,D,3,0,0.9,0,0,0,0,0,1,0,-1,0,2.0509555
2022-wimbledon-1101,2:10:24,4,2,2,0,5,0,181,1,2,172,2,0,158,108,95,86,0,0,0,0,0,0,0,1,0,0,0,0,0,0,0,0,22020,107,0,0,2,1,0,0,8.568,8.861,2,B,NCTL,ND,3,1,1.16,-1,0,0,0,0,2,0,0,1,1.1019288
2022-wimbledon-1101,2:10:49,4,2,2,0,5,0,182,1,2,157,3,0,160,107,96,86,0,0,0,0,0,0,0,0,0,1,0,0,0,0,0,0,22430,98,0,0,2,1,0,0,18.649,16.87,4,BW,NCTL,ND,3,1,1.16,0,0,0,0,0,3,0,1,1,0.31249982
2022-wimbledon-1101,2:11:21,4,3,2,0,5,1,183,1,2,136,0,0,166,103,97,86,0,0,0,0,0,0,0,1,0,0,0,0,1,0,1,0,21021,85,1,0,1,2,0,0,41.73,38.642,12,BC,NCTL,ND,3,1,0.9,-1,0,0,0,0,0,0,-1,1,1.4554515
2022-wimbledon-1101,2:13:30,4,3,2,0,6,0,184,1,1,159,1,0,170,103,98,86,1,0,1,0,0,0,0,0,0,0,0,0,0,0,0,0,13000,99,0,0,1,1,0,0,1.196,0.633,1,W,CTL,,5,0,1.5,0,0,0,0,1,1,1,0,0,2.219026
2022-wimbledon-1101,2:13:48,4,3,2,0,6,0,185,1,1,172,2,0,172,102,99,86,0,0,0,0,0,0,0,0,0,1,0,0,0,0,0,0,21030,107,0,0,1,2,0,0,43.595,49.95,13,C,NCTL,ND,5,1,1.76,0,0,0,0,0,2,0,0,1,1.4988297
2022-wimbledon-1101,2:14:45,4,3,2,0,6,0,186,1,1,172,3,0,174,101,100,86,0,0,0,0,0,0,0,0,0,0,0,0,0,0,0,0,21030,107,0,0,1,1,0,0,2.932,4.378,1,W,CTL,D,5,1,1.76,0,0,0,0,0,3,0,0,1,1.5284933
2022-wimbledon-1101,2:15:15,4,4,2,0,6,1,187,1,1,180,0,0,179,101,101,86,0,0,1,0,0,0,0,0,0,0,0,0,0,0,0,0,11512,112,0,0,2,1,0,F,17.56,16.946,5,W,CTL,,5,1,2.1,0,0,0,0,1,0,1,-1,1,2.1217432
2022-wimbledon-1101,2:15:57,4,4,2,0,7,0,188,1,2,178,1,0,181,100,102,86,0,0,0,0,0,0,0,0,0,0,0,0,0,0,0,0,22030,111,0,0,2,1,0,0,7.609,6.241,2,C,NCTL,D,5,0,1.5,0,0,0,0,0,1,0,1,0,1.0117134
2022-wimbledon-1101,2:16:19,4,4,2,0,7,0,189,2,2,178,1,1,179,101,102,87,0,0,0,0,0,0,1,0,0,0,0,0,0,0,0,0,11020,111,0,0,2,1,0,0,10.761,12.371,3,W,CTL,ND,5,1,1.5,1,0,0,0,0,0,0,0,0,1.1972092
2022-wimbledon-1101,2:16:44,4,4,2,0,7,0,190,2,2,173,1,2,178,103,102,88,0,0,0,0,0,0,0,0,0,0,0,0,0,0,0,0,11030,108,0,0,2,1,0,0,4.658,2.878,1,W,CTL,ND,5,2,1.24,0,0,0,0,0,-1,0,-1,-1,1.7097511
2022-wimbledon-1101,2:17:03,4,4,2,0,7,0,191,2,2,180,1,3,178,106,102,89,0,0,0,1,0,0,0,0,0,0,0,0,0,0,0,0,21010,112,0,0,2,1,0,F,10.266,7.037,3,C,NCTL,ND,5,2,0.64,0,0,0,0,-1,-2,-1,0,-1,0.16217206
2022-wimbledon-1101,2:17:40,4,4,3,0,7,2,192,2,2,172,0,0,177,110,102,90,0,0,0,0,0,0,0,0,0,0,0,0,0,0,0,0,11032,107,0,0,1,1,0,0,4.307,3.697,1,BW,NCTL,ND,5,2,1.5,0,0,0,0,0,0,0,0,-1,1.1737446
2022-wimbledon-1101,2:19:37,4,4,3,0,8,0,193,1,1,189,1,0,179,109,103,90,0,0,0,0,0,0,0,0,1,0,1,0,0,0,0,0,21030,118,0,0,1,1,0,0,12.386,13.74,3,C,NCTL,ND,5,0,1.5,0,1,0,0,0,1,1,0,0,2.219026
2022-wimbledon-1101,2:20:00,4,4,3,0,8,0,194,1,1,183,2,0,181,108,104,90,0,0,0,0,0,0,0,0,0,0,0,0,0,0,0,0,21030,114,0,0,1,1,0,0,3.365,4.761,1,C,NCTL,ND,5,1,1.76,0,0,0,0,0,2,0,0,1,1.4988297
2022-wimbledon-1101,2:20:16,4,4,3,0,8,0,195,1,1,199,3,0,185,108,105,90,1,0,1,0,0,0,0,0,0,0,0,0,0,0,0,0,13000,124,0,0,1,1,0,0,0.791,0.314,1,C,NCTL,,5,1,2.96,0,0,0,0,1,3,1,0,1,2.17919
2022-wimbledon-1101,2:20:31,4,5,3,0,8,1,196,1,1,178,0,0,189,107,106,90,0,0,0,0,0,0,0,0,0,0,0,0,0,0,0,0,21032,111,0,0,2,1,0,0,2.876,3.797,1,BC,NCTL,ND,5,1,1.5,0,0,0,0,0,0,0,0,1,0.7931014
2022-wimbledon-1101,2:21:02,4,5,3,0,9,0,197,2,2,151,0,1,187,108,106,91,0,0,0,0,0,0,1,0,0,0,0,0,0,0,0,0,11020,94,0,0,2,2,0,0,12.423,12.645,3,C,NCTL,ND,5,0,1.5,1,0,0,0,0,-1,0,0,0,0.80979615
2022-wimbledon-1101,2:22:12,4,5,3,0,9,0,198,2,2,193,0,2,185,109,106,92,0,0,0,0,0,0,1,0,0,0,0,0,0,0,0,0,11020,120,0,0,2,1,0,0,0,0,3,,,,5,2,1.24,1,0,0,0,0,-2,0,-1,-1,1.6938899
2022-wimbledon-1101,2:22:34,4,5,3,0,9,0,199,1,2,0,1,2,186,105,107,92,0,0,0,0,0,1,0,1,0,0,0,0,0,0,0,0,25000,0,0,0,2,0,0,0,1.53,1.609,0,BW,CTL,,5,2,2.09,-1,0,-1,0,0,-1,0,-1,0,1.8333969
2022-wimbledon-1101,2:23:07,4,5,3,0,9,0,200,2,2,181,1,3,186,108,107,93,0,0,0,1,0,0,0,0,0,0,0,0,0,0,0,0,22010,113,0,0,2,1,0,B,21.231,17.924,5,C,NCTL,ND,5,1,0.64,0,0,0,0,-1,-2,-1,0,0,0.27198943
2022-wimbledon-1101,2:23:36,4,5,3,0,9,0,201,1,2,146,2,3,188,107,108,93,0,0,0,0,0,0,0,0,1,0,1,0,0,0,0,0,21030,91,0,0,2,2,0,0,19.985,18.316,4,BC,NCTL,D,5,2,1.84,0,1,0,0,0,-1,1,-1,0,2.2371304
2022-wimbledon-1101,2:24:15,4,5,4,0,9,2,202,2,2,131,0,0,187,111,108,94,0,0,0,0,0,0,0,0,0,0,0,0,0,0,0,0,12032,82,0,0,1,2,0,0,3.891,2.983,1,W,CTL,D,5,1,1.5,0,0,0,0,0,0,0,0,0,1.1972092
2022-wimbledon-1101,2:26:12,4,5,4,0,10,0,203,1,1,193,1,0,191,111,109,94,1,0,1,0,0,0,0,0,0,0,0,0,0,0,0,0,13000,120,0,0,1,1,0,0,0.543,0.633,1,C,CTL,,5,0,1.5,0,0,0,0,1,1,1,0,0,2.219026
2022-wimbledon-1101,2:26:32,4,5,4,0,10,0,204,1,1,170,2,0,193,110,110,94,0,0,0,0,0,0,0,0,0,0,0,0,0,0,0,0,21030,106,0,0,1,2,0,0,6.136,6.058,1,C,NCTL,ND,5,1,1.76,0,0,0,0,0,2,0,-1,1,2.5476675
2022-wimbledon-1101,2:27:08,4,5,4,0,10,0,205,1,1,172,3,0,195,109,111,94,0,0,0,0,0,0,0,0,0,0,0,0,0,0,0,0,21030,107,0,0,1,1,0,0,4.298,6.41,1,W,CTL,D,5,1,1.76,0,0,0,0,0,3,0,0,1,1.5284933
2022-wimbledon-1101,2:27:27,4,6,4,1,10,1,206,1,1,183,0,0,204,106,112,94,1,0,1,0,0,0,0,0,0,0,0,0,0,0,0,0,13004,114,0,0,2,1,0,0,0.582,0.581,1,C,NCTL,,5,1,2.7,0,0,0,0,1,0,1,0,1,1.5322921
